feature,coefficient
long_meditation_track_selected,-3.654953065162272e-05
day_clicked,0.056826983946964504
daily_prediction_expand_clicked,0.12104777892053761
Player_Dwn,0.21397513171124843
Player_DwnS,0.21397513171124843
app_foregrounded,0.2918664531003657
daily_predection_viewed,0.33478581676981783
open_HomeScreen,0.6785022185393011
app_backgrounded,0.7829318411738376
open_SplashScreen,1.21752220576909
