feature,coefficient
long_meditation_track_selected,0.002839575209975027
day_clicked,0.016892131008396098
daily_prediction_expand_clicked,0.11849152375227187
Player_Dwn,0.24297913462335993
Player_DwnS,0.24297913462335993
app_foregrounded,0.3290599741714204
daily_predection_viewed,0.34738517395010526
open_HomeScreen,0.6446482379709718
app_backgrounded,0.7315034666753185
open_SplashScreen,1.2116130223685542
