feature,coefficient
long_meditation_track_selected,0.0031594597121128265
day_clicked,0.05973850212834888
daily_prediction_expand_clicked,0.15768874095135685
Player_Dwn,0.23564942558507876
Player_DwnS,0.23564942558507876
app_foregrounded,0.23959813083259052
daily_predection_viewed,0.3700377825854223
open_HomeScreen,0.666839091111381
app_backgrounded,0.7798434825967407
open_SplashScreen,1.2254265390795382
