feature,coefficient
day_clicked,0.40493350114232024
daily_prediction_expand_clicked,0.35346453964021757
app_foregrounded,0.2146120648969987
Player_Dwn,0.09347054901512424
Player_DwnS,0.09347054901512424
open_SplashScreen,0.07093878602277333
daily_predection_viewed,-0.06361002974184045
long_meditation_track_selected,-0.10395887069692056
app_backgrounded,-0.26487178280186985
open_HomeScreen,-0.33190272665598336
